UnitID,UnitNumber2
4209a186-559c-4039-a0bc-6cc3e3ed5a9d,I052C305005
d75cb38c-cb76-41bc-951a-19fff98047ef,I052C305006
d01f95be-5681-4aff-aa7b-a7c3a9a97f5c,I052C305007
6534407a-790d-4caa-bd29-c3f2f24d69e3,I052C305008
566b15e3-27c2-48a4-bdbd-f0db83fda2b3,I052C305009
4e7075ba-8176-4083-9e27-88dbee0eb9bc,I052C305010
8fc01a5b-2f07-4e6c-9838-4e6666e19efe,I052C305011
89b4e209-24ea-4227-a1db-9ac090ac953f,I052C306005
2f79047d-3527-47d3-a6c5-4c2c493a6cf0,I052C306006
26ca0df3-8ce8-4733-a74e-aca3ca9bcfc9,I052C306007
7271322f-d2b6-4e7b-b9a3-1d65fd3b880a,I052C306008
3dcc5b36-b1fa-456c-8db5-954f447d6aa8,I052C306009
634c2369-8b17-47e5-9f7a-6710f09505a7,I052C306010
caba92cc-feb0-4c9b-8202-1bb62468a973,I052C306011
c0d7c500-9eb0-4cff-b7cc-bd3d36994a7f,I052C307005
31282ee8-31bd-4c02-80cd-48dbb8d7205d,I052C307006
342ffd7f-65bd-4f08-bb0a-b24335cf2911,I052C307007
cb60ef2c-bc14-45f7-b44a-67a89c62aa8f,I052C307008
cbf14dff-28e6-4d74-9458-32c310e206da,I052C307009
60f5dc93-8dd5-4c9f-82e4-fed44913e7c0,I052C307010
d8c4fb63-7536-43bb-9b36-b5ce651ea899,I052C307011
395b5497-6b15-4c91-8833-65e89532bfbc,I052C308004
641c8e62-1a93-4e1f-85c1-59ad6c378be6,I052C308005
48487e3b-fb71-480a-90b0-5e0fc0e437c3,I052C308006
a5d80920-1957-4ae2-b980-d45e2a9906a8,I052C308007
f24a83eb-6e83-457a-8c65-1b86cfe83cbc,I052C308008
3dd792bd-b449-4a3e-a2c6-b9172b9540c3,I052C308009
f41a230f-b2b3-4b8a-8b5f-11c3c7855d57,I052C308010
8da16519-9efc-4728-935b-64d72fb3dd64,I052C308011
36b57a3c-c258-4de7-991d-f1d0a7e397ae,I052C309004
ed2ab9ad-2bee-4d44-9337-25a9d18282d7,I052C309005
73f50876-3b72-4563-afb8-cd5ef1a3d416,I052C309006
7a005169-bf41-42b5-a426-e9dfcf826f50,I052C309007
5b30e94f-86cf-424d-898a-4e5ec1612b51,I052C309008
b67611e9-462a-4584-8fa1-70e4f3975c41,I052C309009
9c3b5cb7-293d-41af-b468-41e50a70e096,I052C309010
6f8b625b-4a01-442f-bd3b-6a32ea990b59,I052C309011
f6db99bc-a0c9-48f7-b7dc-63e0983bd339,I052C309012
44a34725-993a-48c3-bd9c-c25020ac8637,I052C309016
ed0b45e6-e1df-435f-b238-440d49d17386,I052C309017
e8398310-05e0-44de-b174-d6bfd725b36f,I052C309018
5ef28685-d572-4bed-936e-87fa94825efe,I052C310001
7411f587-ad4e-46a9-8958-af75d8dd4e1a,I052C310004
3c81388d-0a3f-4685-ae6b-680921801472,I052C310005
c52c3547-176e-4df7-954a-c875ce85096c,I052C310006
3ccb010e-d66f-4f35-ade1-d26f1a04eeb9,I052C310007
e9dd1f6c-5d25-4b9e-95f3-76c657c0aa64,I052C310009
fcf714f6-e74b-4445-b748-504946a33174,I052C310010
4ea74acd-3622-4ee3-8d28-e18b662c196c,I052C310011
25a441bf-add0-4c3c-a691-43e183cffc67,I052C310012
9a92561d-e165-4a46-8bdb-a2ce059d0e36,I052C310016
1d0e2110-66d8-44b2-b606-86f413a80dd4,I052C311001
5817aac5-73ea-497b-9b65-83450d0463df,I052C311002
34e7d15a-44c1-43c0-890f-093715f91679,I052C311003
c7869a7e-eec5-4406-baf2-2ef902f66f63,I052C311004
f1dc1ff1-8c3d-4f08-8cd9-0fec5263e347,I052C311005
3d005bb9-3e9a-47f1-9917-cb8fe2b8c420,I052C311006
67248358-e02e-4dec-997b-2f34a2529976,I052C311007
c398e1dc-7393-4796-96d9-f548aa2265f0,I052C311008
22ba054e-da8f-4c3b-855b-94d80f2cad5d,I052C311009
2b6da4c2-8915-4680-a78e-541266bcbb6a,I052C311010
1fa08491-2802-4f21-93f2-5f6776c2f83b,I052C311011
ecd4c632-437a-44e5-acbe-dac1563bb739,I052C311012
a6b6443a-6fa4-417d-9e35-b020fec04b55,I052C311014
a80088e6-1c8c-4af0-aa4d-de414d451f78,I052C311015
e55e5ec7-57b2-48eb-9cf2-76092261a703,I052C311016
04878fd5-7a21-45d0-9050-cc11b7acb59e,I052C311017
bb2b31eb-9fde-4363-be7e-835ce1bcdf17,I052C311018
353d44a8-e2f9-4065-aae2-7518ced2fe85,I052C312001
72bce773-26e2-4f0b-9194-85ff07275f13,I052C312002
4db616d7-e68b-42e9-837f-f1432f8e2a4f,I052C312003
44c706a3-9fec-4f4c-b430-6bedf978b0e3,I052C312004
784dc209-ba28-4cf4-9754-4ab657bc3c08,I052C312005
357506e5-42db-489f-9725-9bc23a2f46e8,I052C312006
ad25af5d-9283-4192-827b-5346c3552e3e,I052C312007
6d3569e8-3e69-47f4-bf3f-f51495ef9c09,I052C312008
f0c51222-ebba-4783-912e-6a7997daff62,I052C312009
a0edc6e7-2c4a-45af-a60c-295add66ae3c,I052C312010
45e2c794-99c7-4a34-835a-fef2872e746f,I052C312011
93c669ad-e07d-4907-bc45-1a79e92b6e86,I052C312012
a48e47d2-c6b2-415f-b7cf-13af6c4acfd4,I052C312014
9ad3b092-db5f-4e29-a986-92b11099320f,I052C312015
a19029ed-fc64-4541-a8da-78476ea790e5,I052C312016
c4eb3649-2a92-44e2-a1d6-52d7e44d4207,I052C312017
ed5e185b-336e-4f97-bed9-be543bedca75,I052C312018
a72d2b0c-1175-46fe-9e88-c32ce07b0216,I052C314001
11b190f4-12d6-487d-b17f-2f12c1cfbbd9,I052C314002
9238ca75-76ce-4eb4-bccc-b0af43d3db20,I052C314003
96d4efdc-c8ea-4c1c-a98f-ad2c59c38708,I052C314004
4d005217-9e9e-4b8b-bf40-6adc647997d3,I052C314005
306bd544-90ed-4b8a-ba58-d1763ff04d68,I052C314006
66732ac4-f729-4285-a46e-997c992bee82,I052C314007
d7f0199b-40aa-4e90-bc16-3bf20ec2fdc9,I052C314008
2051825e-ed50-4fe2-920c-08154b942d9a,I052C314009
75b97292-2071-4287-9ea4-c2212402c263,I052C314010
9dd2a49c-a890-466c-8ace-6e9c0b9ff477,I052C314011
76e30afd-144c-40e2-beae-febee0011fc4,I052C314012
fe660c84-56e6-4320-bd0d-d4dbf3e7a380,I052C314014
35a1c54d-c00f-472d-9858-a45dca37e1a4,I052C314015
eab39bf0-9132-4c19-943e-2cca1f9d92ba,I052C314016
a6a68fb2-c0ea-4bab-8cfd-b84252d56f81,I052C314017
01ff4921-b7bf-4c90-8018-d2769e33a133,I052C314018
e5b8e210-2b13-469c-864c-07c28aef0dab,I052C315001
0e06aff9-5651-4515-ba7c-f58c48369315,I052C315002
ff88d10d-d7aa-4cae-adbc-0faa3f9a213a,I052C315003
2055021c-21a7-424c-b367-e0f59ef14655,I052C315004
88062a12-129d-4557-bcc1-e30555de86ca,I052C315006
dde47e80-a094-49db-90e7-025132c7ca14,I052C315007
d38f5beb-e4f6-438e-82a5-acd8871212f4,I052C315008
fe3a1516-04b6-4ea7-9401-cb45443a5974,I052C315009
7c3ad340-0193-4940-8bae-1bda5bde9b6e,I052C315010
425b9c16-4398-4618-8d92-bab72a8a0db8,I052C315011
69fd4762-ba06-46ca-9a9f-cc29da628c4b,I052C315012
7405a338-91b3-42fa-922d-630eee732340,I052C315014
7688005d-0a5b-417e-b779-19ebdd1d5067,I052C315015
45c680f7-8336-40fd-80af-a6262c9a1efc,I052C315016
23fa8acf-d0b5-4df5-8f35-37242a52dc02,I052C315017
cbc3bc94-1a21-41df-821f-e06af39a6cc7,I052C315018
c6ea97f7-08e4-4d98-8144-bdacf3e341e8,I052C316002
3467a1d5-8762-448d-920c-2bb78b9ff67d,I052C316003
eb054806-49d7-4038-bd81-b335daf1a98b,I052C316004
511197b2-596d-4486-b6f1-f9528dd5220b,I052C316005
4e1071b4-1735-4f61-a10f-ff6fff014160,I052C316006
3e089593-780f-461e-aeac-2f6987649e64,I052C316007
c3db598d-b625-451b-bfcc-81cf1b83dd9b,I052C316008
07ebc112-411b-4e66-b3f3-6f7595ac2020,I052C316009
b45b56af-221e-44b3-b191-e23cd74f147a,I052C316010
f3248c1f-dbda-4181-bc71-7df983905185,I052C316011
ffa53bf6-c7cf-4187-ae3a-36b845d97e78,I052C316012
c1bea1d7-014c-4906-8931-06ac2c04ed47,I052C316014
77acd814-48e5-4e26-ba56-cff414913a79,I052C316015
dd66f4b6-30d4-4b6b-9bdd-01aaaf161bbd,I052C316016
d4fe44b5-a98e-46c4-97cd-9150ffd257a4,I052C316017
68d8abab-2986-4417-8edf-b98daf6c5668,I052C316018
bd26daf5-f75e-4b21-a215-f5e5674594cb,I052C317001
f931c936-07b8-4c16-b604-07816d862828,I052C317002
ff6201f6-d3cd-43c2-adad-d8250ddd55cd,I052C317003
4556186c-4902-4f00-9a7f-25879fd3ca62,I052C317004
0a3a865f-2a74-4503-aa5c-c93542befde0,I052C317005
e092fa64-620a-4672-bc75-f4a5ea5ac111,I052C317006
7b5728a8-99af-4ac8-ae57-c4b3123e8053,I052C317009
b9e3882b-b5e2-426c-b1b8-6222ab152a3f,I052C317010
6d0ac636-9255-440b-87f2-d1f109da2fa6,I052C317011
f125e378-d437-49df-ae16-9b6f481fa842,I052C317012
8d716782-e954-4f60-a714-b2d1e5c91d68,I052C317014
9cc426ee-5f80-47fc-88c7-879d9e0282e4,I052C317015
ad7d5852-f05b-4e2c-9aa2-887da8fc83dd,I052C317016
bc6ef892-e5af-402d-a67a-8d581fb40db5,I052C317018
e68a26d4-34cd-41ba-a6b3-08fb2e901726,I052C318001
cc72ec13-b714-4e94-bb85-5fb3231749c1,I052C318002
df3d33a0-35a2-4864-b4fb-e00e7e852a1f,I052C318005
54a64f58-2d61-4eb7-a231-9d8dede7063b,I052C318006
78cb938e-647e-4b72-b697-8c694686ba1d,I052C318008
ffb7bb4e-4c7f-4c10-aac5-4ebf7b705286,I052C318009
c5e01885-edcb-4737-9d75-fc0fbf5f640e,I052C318010
4080d026-f800-47d0-b2c8-a04552c5ed6c,I052C318011
00b011c1-3112-4c5e-8006-a128921b7c45,I052C318012
fbfc6307-49cc-4e0f-b948-4b290d5c4b3b,I052C318014
f85245e4-c5ca-4e2e-a3ba-28f317529888,I052C318015
e655846c-3c5a-4e56-9ca9-6557dc61e35b,I052C318016
237207f1-52d2-4bc8-a2f1-da8cf9d091ec,I052C318017
57d932f0-0787-40ac-bcda-00ded06294e8,I052C319001
6221fa15-c49c-4230-b2f8-ae52b1c449d9,I052C319002
acfd28d1-6110-45b1-a277-bc6210689454,I052C319003
d3bcee7e-aa9a-4f41-8e4a-9f955d100383,I052C319004
cd000dc6-f2d9-4040-b4a4-e6b130945aff,I052C319005
0921f07e-d0a1-4e8f-bbdd-5e833cb13896,I052C319006
669b52e0-683a-4da9-9f00-8678fdb3debd,I052C319008
3d893808-6409-49a7-ab7c-c450d9b42e8a,I052C319009
476d623e-862a-4bfa-8a6d-c2564bcc505f,I052C319010
0404128c-1f72-4a35-879d-ed67306912da,I052C319011
ccfc1971-2b00-4dfb-bbb5-a3dfb8faf227,I052C319012
7b6b6666-282a-4901-b6d1-a5b190390475,I052C319014
1a144435-ede9-4600-b6c1-9e572fc00ed6,I052C319015
03ae86f6-b048-4670-8938-29399a25540c,I052C319016
03f05a09-e276-432a-9383-f7888cf54940,I052C319017
7da8e033-16fc-4bae-ad19-54ccae89ef08,I052C319018
a50a0c65-295a-4b0e-ab66-9b92f00e7630,I052C320004
90eeaa1d-c0ea-4039-b6df-282121af7725,I052C320005
0a15d6c5-fe1b-4944-bf38-bd834fdcbacc,I052C320006
73d939e0-5c4d-45ec-9bd3-931886602d5e,I052C320010
cdbbc81c-de65-44b7-aadc-391b6e07a3f8,I052C320012
e1dce0fb-3c3f-4099-89ff-c2ba1515af01,I052C320016
8b68a245-e378-4372-b5b0-aa7aea004e2a,I052C320018
fb0f66ae-aa30-4c00-afca-c9bda32d1d99,I052C321001
c89e4d4e-42cb-45d7-90ca-3b3606232838,I052C321002
6762b80b-b042-4cbb-a870-6330553bb86e,I052C321004
2ce246e7-0780-44dd-b4be-8ef8eaa32a51,I052C321005
56331d8d-295f-4d9d-9aa5-cdeed8fd6256,I052C321006
235cf70f-237e-4d56-ae25-a101d3c62ff9,I052C321007
9dcf11e3-1e3b-4dae-97d0-d1ab37fd2a2b,I052C321008
69526c15-525f-41eb-a6c2-0dccf61e1e7c,I052C321009
ba3f8a2a-aaaf-4bcd-b196-fb0dd0ac179a,I052C321010
82fd4ecc-b16b-4975-b1ab-00d5c890fa9c,I052C321011
a105509c-5f19-458c-a6ba-c7e48c389e19,I052C321012
c1a73ada-5feb-4272-b28c-328a20886c6b,I052C321014
7f9a9609-be7b-44dc-9281-3c8fabb7ca0c,I052C321015
5dc255e5-388c-41a0-a2d9-e9696ca0e6ef,I052C321016
a2151b47-b082-4b29-9bd9-3925ab34a554,I052C321017
da5abd25-9327-4599-8619-17c4e267fe3d,I052C321018
ed423d50-73e8-40c1-8c4d-f96d8e2944a3,I052C322001
e599c121-d354-453e-b7e2-cf8ffc3e602d,I052C322002
6d9c1532-775b-4d7b-b653-405026b8ed01,I052C322003
20ab5bf8-7fa2-46a9-9723-3cb4195cf3f3,I052C322004
2097a040-7721-4de9-97f4-2a8c9fa15f44,I052C322005
eae1deac-24fa-49bc-8370-8d9cd7131975,I052C322006
91e43f19-80c8-4899-8d86-17da36f87a6f,I052C322007
69856e30-12e9-4c3c-8976-3f0199b26e1e,I052C322008
f37758a6-99e7-49c7-b1f0-3b4befb3dad4,I052C322009
9141e921-474d-4f81-9b52-a08851ebef88,I052C322010
6ca1ef62-2c9e-4e38-a7d2-3cdf3be417c1,I052C322011
af972530-eac6-4cea-8632-825d085c3d24,I052C322012
a6ea178f-0db5-4a6c-9794-d9a320b1840a,I052C322014
3958dc1c-0189-4f54-8b98-b09737f8864f,I052C322015
59c11d69-887d-440d-bcaf-88d9a4077e69,I052C322016
ab5727e0-8a97-4f55-a396-c28ff202f0d1,I052C322017
e931187f-58ff-4d8b-9354-4c2bf569678e,I052C322018
f04c1fc5-f577-43ce-8357-88f9a39b897b,I052C323001
15e56bae-0cb3-40c2-b676-2ca3a7398b71,I052C323002
ab6ecde2-6f32-4120-9ce4-02c8c790c8ee,I052C323003
c258ac7a-6883-487e-9bd5-e1d08e6d8944,I052C323005
dc77b1ec-8e25-42ed-a03c-becdb7cc6302,I052C323006
6528f381-4ef6-4aa6-86b8-b95bc879016a,I052C323008
7281763b-1153-4ccc-817f-e66030137ac6,I052C323010
0bf0707a-405d-4e01-aa65-8136cdd2856e,I052C323011
e8f6a5b2-e6a6-48bb-8255-65ea1ee5f68e,I052C323012
1c1a0c72-c862-47ec-b087-c32ef65dd7ab,I052C323014
a4e78db3-91db-41aa-b4cd-76114cac3684,I052C323015
7b0d995a-7c27-4466-846c-d2d313f84dd5,I052C323016
22a39d82-117b-4c36-bda7-70ed408817d9,I052C323017
161f79b6-dadb-4991-af72-605002bc0583,I052C323018
15731559-70d7-4b72-936a-fb3918ec5dd3,I052C324001
b32398e8-c4bb-41d3-95cd-76036ffb3101,I052C324002
adb57ad3-6a73-4258-8cd8-cd5cb9f66434,I052C324003
8857354a-f5a8-490f-9759-6bfe22940460,I052C324005
7db108ea-f015-451c-a520-bcfa13c6f452,I052C324006
7c51c2f2-9f7a-4042-bd7d-070c67a0275e,I052C324008
7bf6e91f-1463-4110-8768-1cf4b7ab0a12,I052C324010
34e9ffad-4759-4fb4-a083-63ca0cc81a6f,I052C324011
12a601e7-86e1-4d4c-885b-bfc2bd3d0285,I052C324012
361f5e13-f2a4-4cc6-8222-935e49485202,I052C324014
2b984415-f234-454f-9172-67fdc93eceab,I052C324015
ee1ad844-9e5c-4b6e-9ff2-0d2b09193ca0,I052C324016
f03baafc-ba89-4271-b0f9-156343673132,I052C324017
cf7648db-6499-4443-9c9f-0e95e65e5952,I052C324018
46b0f181-ee00-44bf-ae57-e17211c36ec5,I052C325001
06f6dc8d-52ff-4acf-bbe9-0b1b48ffd698,I052C325002
c72f4912-47d3-4ef3-9f18-a8117ce61281,I052C325003
a4988107-399d-4e44-8590-feb263bc1930,I052C325005
de923369-1a47-441b-9b4f-6d1b85418723,I052C325006
274e52ba-340c-4dca-a01b-a76d7daee352,I052C325008
334c8777-fa07-4f29-a484-286c9345503e,I052C325010
513cc6ed-360f-43ca-8ea5-982459a7d4e2,I052C325011
410209b9-376a-44d9-b03c-9d2f36500b69,I052C325012
497b56c2-a237-4935-87c3-02cd25aa01c7,I052C325014
dd7f4ff0-865c-4159-b8f1-6e00f6e77543,I052C325015
6c3ed5f5-57c1-45c8-a421-4dabc1391821,I052C325016
f0b769aa-5b1b-42f1-9cb4-71b5a6334701,I052C325017
242f6a4d-27f1-414f-9e7e-7a7f5bd1dbc1,I052C326001
1cfad4ff-b52a-472d-89d7-52ec49788666,I052C326002
59a37f17-0c8e-44fa-8da9-5c7588f824d7,I052C326003
ed3c2b53-fb4b-476f-a2f5-bcf073f378f5,I052C326005
37d7ce3c-f6e7-4b28-a088-a8d0b7d409cd,I052C326006
4cf52e48-1dc6-491f-b177-ccc21e2bb941,I052C326008
5286560e-9f6b-49fd-a1e2-4292b4a38280,I052C326010
4a10e552-2cdc-4e95-8f2e-f9fb6063f5d1,I052C326011
831dc3e3-bf03-4f9a-9a82-8f4c4032d33b,I052C326012
2d24c610-9bdd-4445-98da-43e1410ac086,I052C326014
729a9c2b-92e1-48bc-87a6-24b8d2d3b3f7,I052C326015
2347de0b-5f69-46f4-8a60-673c5d2bf6ea,I052C326016
b6c6dd32-5686-4e42-beec-533690b58fce,I052C326017
1f807612-0fd8-4c96-a022-20115dba1d83,I052C326018
568f59f7-e8db-4225-a1f7-4fe79fb975d5,I052C327001
435d3167-262e-4d2e-b1d6-833f245e7a02,I052C327002
f1c80c88-7c81-4a20-b1da-52395821d949,I052C327003
5bff27b2-ae5e-4746-8d39-d903e923d1bd,I052C327005
0c965a24-912d-400f-9648-577b2054b64f,I052C327006
aa4c47c0-177b-4924-912e-aff8968bc013,I052C327008
8ccf7cb3-f0e3-4351-bf67-886ed1b8234b,I052C327010
499e0ec4-426b-412c-82e8-ca680d5374dc,I052C327011
ffb86c4b-f979-4559-88b8-0dee63ff4d12,I052C327012
38ec6b56-41a5-45b1-b3ef-0d6c9c8c359f,I052C327014
9e323e45-2a39-4051-9e1f-4313bf60477a,I052C327015
e19acb20-ac93-4ea5-97e0-46c7f55f226c,I052C327016
2858f07e-7c9d-4ab1-8ec3-2dfdb3765174,I052C327017
ccdd1275-90e7-4541-ac74-ff4affca816a,I052C327018
d814b8de-3ba6-43d0-9295-b53551ef7621,I052C328001
3e6b5d64-e0fe-484b-89ec-a52b7327cd8f,I052C328002
ce87257b-dc01-4a77-aa76-ce81178599ae,I052C328003
1c591b5f-8d22-4a45-b143-5b8d629d2d9b,I052C328005
d278edbc-fa77-485b-8442-9ca03a6a87a5,I052C328006
09c38224-02a4-4614-98db-f3d4b8058484,I052C328008
cf9b978b-1da4-4b77-9d8b-5c0c64412db2,I052C328010
fcdc8a39-4582-43e8-805d-0de5f4546dae,I052C328011
ab39465e-80c5-49c0-b7bd-25a9bca5b6cb,I052C328012
173ba683-53af-4151-b4e0-5b879d2647dc,I052C328014
d16e698c-ba61-430a-be87-31f98bbd3f3b,I052C328015
da6e5e72-d0a8-44e9-8e11-ba6998904694,I052C328016
429746f5-d6b3-44d2-9c86-79862d76144f,I052C328017
b12e5093-0757-416f-91e2-aa953b8d17f3,I052C328018
807a580f-a0f2-48d7-8435-58354d02567f,I052C329001
2f981159-3c84-4f78-a6d5-0f796acb5ef8,I052C329002
ea2c8c8c-75ae-426a-a621-55f9a110f221,I052C329003
0f2cc0a3-6dd2-4a7a-ae51-a147c63fd4c9,I052C329005
6b3aa06f-3d28-4553-91bf-103ca23c2464,I052C329006
13c19305-891d-44c7-bdf4-e3e66c6f2f2c,I052C329008
776228ae-1147-4add-ac83-9c5f0e0cc8c5,I052C329010
1eb8e121-7f6f-4240-a542-a30c071ae117,I052C329011
b5e9fe7b-a5dc-457d-bdef-18c0cfb6d8e1,I052C329012
cc0cba57-a72d-43b3-b9f4-769aa522c8cd,I052C329014
b07049e9-5376-4186-83d9-ecf42b20ca10,I052C329015
d183b45a-5b22-415b-bd55-eccd15b6316b,I052C329016
217c751f-aaf7-4c23-a31b-b7d4668e134a,I052C329017
7247f00d-9261-4ac9-a511-2728fe622e97,I052C329018
63db51cb-0e43-46a4-8393-7f470859cf1d,I052C330003
d99e9cc1-29d3-434e-badc-0b28a734f598,I052C330005
f4183379-30d2-4b9f-9ec5-e7d3ceee9301,I052C330006
6665b234-c4ca-4bd3-a5d3-bee3b879f217,I052C330007
389713e3-4aa7-4e7f-b06e-877f5a7ad8da,I052C330008
d35337ee-ae7e-4ccc-a42a-f8954430371d,I052C330010
b376dfb8-fdd4-420f-95db-bc84d3b4868a,I052C330012
c5fe4a60-4d44-4bc9-abff-c72be5f1bb71,I052C330014
14e3ae6c-9d53-4876-9a20-e893031bbc44,I052C330016
87dd1dc8-e0b4-4175-b67f-a5e5f92f8fdf,I052C330017
0bf9d3a0-d3cb-44ad-9346-e5c478109aa6,I052C330018
13784ae5-d540-4865-bff5-e51bc31172b9,I052C331001
a05e4be0-1f3f-4122-a848-4c9e4d3710cb,I052C331002
26011125-d359-4fbc-a305-1f7244eb9061,I052C331003
110ea71e-db34-451a-85d1-34c46d5c2d73,I052C331005
5add29ca-c7f0-48a2-a66b-1d96fdcee52f,I052C331006
4da7a35d-e256-4c33-8b1c-9474848a05cc,I052C331007
60227501-a09a-471d-ad99-3799c60c70e2,I052C331008
0c5b0a1d-66e8-4de3-993e-17110dfbe864,I052C331009
7895df8b-a519-444b-9c8a-f433c06214ee,I052C331010
f9f70a85-6c01-46ac-909b-b5acd9e780b1,I052C331011
190e0760-6513-470a-8713-c777c101a010,I052C331012
1e8c6c8f-76dc-46e1-8286-823a26f93158,I052C331014
fbb3f5ed-b66f-468b-930d-0b292bdb2bc3,I052C331016
18c71b30-88f4-4459-9985-34d356b347a2,I052C331017
ce1cfeca-fe5c-4264-818e-2d5eccb29270,I052C331018
04697d99-2092-411f-b6b4-5f30b04f7105,I052C332001
5dd12e42-43bc-49c8-95ff-0d1817a64d5e,I052C332006
fa9114e8-834d-4c5d-8f19-c792649da23c,I052C332007
59703969-0519-458e-86b8-1ce3f8698b8b,I052C332009
8efe4795-51fa-45b2-a930-ffedaff8a5a6,I052C332010
eb5f93a6-a5e4-4746-998b-7b274e4b736d,I052C332011
1a0e70ba-f499-4b5a-8865-99c89e5c803c,I052C332012
46916e5d-b495-448a-b86a-d30e29c5b088,I052C333001
39ad8e9a-3fd8-45dc-832c-3da5f28f682f,I052C333011
7069726b-71dc-4462-82f4-4668f153320c,I052C333012
c61940b3-b658-4386-ad1a-625523ce3531,I052C334001
0399d239-1db6-4e68-8c49-579b0d29d970,I052C334011
c014e2df-cf24-4879-a48a-ea32ba49b3a1,I052C334012
f524e4c5-4eec-4d9b-b325-c12f1cab9b8c,I052C335001
d7dd714c-1750-4d42-9241-c79547199c7c,I052C335003
493d4a8d-937f-4aa8-94de-c44b05f4188d,I052C335011
a5522cd4-839d-4a53-97b7-1b4d26351051,I052C335012
e3812b57-471a-4cea-bb26-76b978276655,I052C336001
d9eac25d-60f2-4146-b3e5-d0e883efe410,I052C336011
2e745eff-5e83-45bb-83da-074778b7e2e8,I052C336012
1ebdff4a-1fd8-43b4-9b48-c6f5a4d58452,I052C337004
bb0fddc2-cfc0-4bbb-b043-8bcfcc642d99,I052C337011
ba0ab71d-03dc-4f22-9411-a9a92242fea3,I052C337012
I052C113013,I052C113013
c7ac1a75-c7bf-49c2-b3b0-22a94464d715,I052C309013
dedf9e69-aff2-43ac-982b-f6b4c414e62a,I052C310013
f4861f5a-ba4e-4f42-b559-f8da6fd29d4e,I052C311013
c65afd76-5444-4585-84c0-cf41989aaa17,I052C312013
bf888b9c-d98b-43f6-9e57-5197e4ccb890,I052C313001
13570b85-4157-4ebc-8114-7fda84f563c9,I052C313002
5e58ef5b-cdcd-473d-a645-b36c7cbe7f99,I052C313003
a0046299-02bb-41d0-8b01-061bb7ca7d0e,I052C313004
29117b23-ba9a-40ca-b816-f2124456181a,I052C313005
dcf1f163-94e1-4111-8837-97a4f2fa3ce6,I052C313006
d136ab6b-456d-4a6a-927f-22371a2781ee,I052C313007
a202b9fd-d422-484b-b447-6ec6438eaa73,I052C313008
7ebcf2f9-aef0-4695-876e-5b19ebbcc63a,I052C313009
6fcd24a9-555b-43b0-9e26-213e862233ff,I052C313010
e8818326-503f-4316-89a9-1c37fe9b4544,I052C313011
a23b225b-cf5b-4090-8310-f2e4b16e0424,I052C313012
242e537a-7386-4480-abaf-5520ddcb7b4a,I052C313014
dd1f0bbc-ec2e-47c4-bbc3-4c0314bfcd51,I052C313015
c7ef2cbd-95e2-463b-9f60-b1d91d691ed7,I052C313016
70c3e61c-726e-4aa9-a1ec-4ac4bbd9f3b0,I052C313017
bd8a2ddb-6efb-4067-8219-7651a9266766,I052C313018
a973dcb4-f6b6-486c-89e9-0d4cd8cf5bce,I052C314013
8117b5f9-a333-48ac-b442-abca4c3ebcea,I052C315013
fa3b2deb-19ec-45ec-b0e6-89bf82650074,I052C316013
0c5ba4c0-9aee-4170-aebe-b145a75a1156,I052C317013
144b1ae7-604d-4d7b-a3f6-8f9298ba67fa,I052C318013
83046708-b4c2-44b0-b19b-2b80855a1075,I052C319013
d08741d5-1d91-4d1c-a8cb-e1a3e6aedbd4,I052C320013
3e9f99fe-36ed-4727-b6a2-71178a062f17,I052C321013
e758c0b7-9977-4cdf-9658-77aa44a13de8,I052C322013
b24d0a50-9f1c-452c-9d7e-a529ec546f09,I052C323013
bd0b5523-d351-496a-bd36-e13458b77862,I052C324013
066fddf0-dd53-44ef-ac97-f7214f2f3cba,I052C325013
2146cddd-88f6-45c1-95b2-8f9863219f37,I052C326013
e89e9983-c02d-4a5a-9b44-8da64ce0ae70,I052C327013
448c95ea-6700-4e59-a44f-79800a80f19b,I052C328013
ab996a16-80f9-4411-8570-95228a6dd538,I052C329013
af20ef32-1d30-47cb-8ed5-3393fc879dc0,I052C330013
db917e1d-201a-4a58-8e43-deeff89d6b91,I052C331013
d1b3337f-5569-49cd-ba43-50a1e203aeea,I052C332013
c8182eb8-36b2-4580-ad53-7c9a5c48f78a,I052C333013
e2fed723-f3de-4d6a-b963-f4f3d5d882ec,I052C334013
bf1e1ad0-408e-4407-9476-5f59cf2ddd1f,I052C335013
8f3ad68b-0a3d-46a0-85a0-fc895c9f26f0,I052C336013
e7aa33f9-4951-498e-a11b-f2a19e91f66c,I052C337013
4bd26e6f-ea72-4475-8bfb-9aa9d9d32e57,I052C313013
4bd26e6f-ea72-4475-8bfb-9aa9d9d32e57,การุณย์